{"content":[{"id":"67027c62","settings":{"flex_gap":{"size":0,"column":"0","row":"0","unit":"px","isLinked":true},"padding":{"unit":"px","top":"200","right":"0","bottom":"100","left":"0","isLinked":false},"padding_tablet":{"unit":"px","top":"100","right":"50","bottom":"50","left":"50","isLinked":false},"padding_mobile":{"unit":"px","top":"50","right":"20","bottom":"50","left":"20","isLinked":false},"background_background":"classic","__globals__":{"background_color":"globals\/colors?id=astglobalcolor5"},"flex_direction":"row","flex_align_items":"stretch"},"elements":[{"id":"e87f8d5","settings":{"_column_size":100,"width":{"size":null,"unit":"%"},"flex_gap":{"size":50,"column":"50","row":"50","unit":"px","isLinked":true},"margin":{"unit":"px","top":"0","right":"0","bottom":"0","left":"0","isLinked":false},"padding":{"unit":"px","top":"0","right":"0","bottom":"0","left":"0","isLinked":false}},"elements":[{"id":"467aec5","settings":{"title":"About Us","ha_advanced_tooltip_content":"I am a tooltip"},"elements":[],"isInner":false,"widgetType":"heading","elType":"widget"},{"id":"2a34acd0","settings":{"flex_direction":"row","flex_gap":{"column":"50","row":"50","isLinked":true,"unit":"px","size":50},"flex_gap_tablet":{"column":"30","row":"30","isLinked":true,"unit":"px","size":30},"flex_gap_mobile":{"column":"0","row":"0","isLinked":true,"unit":"px","size":0},"margin":{"unit":"px","top":"0","right":"0","bottom":"0","left":"0","isLinked":true},"padding":{"unit":"px","top":"0","right":"0","bottom":"0","left":"0","isLinked":true}},"elements":[{"id":"7a1509e3","settings":{"content_width":"full","width":{"unit":"%","size":50,"sizes":[]},"margin":{"unit":"px","top":"0","right":"0","bottom":"0","left":"0","isLinked":true},"padding":{"unit":"px","top":"0","right":"0","bottom":"0","left":"0","isLinked":true}},"elements":[{"id":"b60f70e","settings":{"image":{"id":355,"url":"http:\/\/pinto.local\/wp-content\/uploads\/2024\/04\/file.png","alt":"","source":"library","size":""},"ha_advanced_tooltip_content":"I am a tooltip"},"elements":[],"isInner":false,"widgetType":"image","elType":"widget"}],"isInner":true,"elType":"container"},{"id":"7268594","settings":{"content_width":"full","width":{"unit":"%","size":50,"sizes":[]},"margin":{"unit":"px","top":"0","right":"0","bottom":"0","left":"0","isLinked":true},"padding":{"unit":"px","top":"0","right":"0","bottom":"0","left":"0","isLinked":true}},"elements":[{"id":"1bf8af32","settings":{"image":{"url":"","id":"","size":""},"title_text":"Let\u2019s focus on revenues, more profits, productive teams, improved cash flows and simply just more peace of mind.","description_text":"I am a certified Lawyer ...","position":"left","title_size":"h4","image_space":{"unit":"px","size":50,"sizes":[]},"image_space_mobile":{"unit":"px","size":35,"sizes":[]},"image_size":{"unit":"%","size":100,"sizes":[]},"image_size_mobile":{"unit":"%","size":100,"sizes":[]},"text_align_mobile":"left","title_bottom_space_mobile":{"unit":"px","size":20,"sizes":[]},"_margin":{"unit":"px","top":"0","right":"0","bottom":"50","left":"0","isLinked":false},"_margin_mobile":{"unit":"px","top":"0","right":"0","bottom":"0","left":"0","isLinked":false},"_padding_mobile":{"unit":"px","top":"0","right":"0","bottom":"0","left":"0","isLinked":false},"text_align":"left","ha_advanced_tooltip_content":"I am a tooltip"},"elements":[],"isInner":false,"widgetType":"image-box","elType":"widget"}],"isInner":true,"elType":"container"}],"isInner":true,"elType":"container"}],"isInner":true,"elType":"container"}],"isInner":false,"elType":"container"},{"id":"2a2e99a0","settings":{"flex_direction":"column","background_background":"classic","background_image":{"id":"30","url":"http:\/\/pinto.local\/wp-content\/uploads\/2021\/05\/cta-bg.jpg"},"background_attachment":"fixed","background_overlay_background":"classic","padding":{"unit":"px","top":"100","right":"0","bottom":"100","left":"0","isLinked":false},"background_overlay_opacity":{"unit":"px","size":0.7,"sizes":[]},"__globals__":{"background_overlay_color":"globals\/colors?id=astglobalcolor7"},"background_position":"center center","background_size":"cover","padding_tablet":{"unit":"px","top":"50","right":"50","bottom":"50","left":"50","isLinked":true},"padding_mobile":{"unit":"px","top":"50","right":"25","bottom":"40","left":"25","isLinked":false}},"elements":[{"id":"54244030","settings":{"title":"Overcome your obstacles. Get Business Coaching, Today!","align_tablet":"center","typography_typography":"custom","typography_font_size":{"unit":"px","size":42,"sizes":[]},"typography_font_size_tablet":{"unit":"px","size":29,"sizes":[]},"typography_font_size_mobile":{"unit":"px","size":25,"sizes":[]},"typography_line_height":{"unit":"em","size":1.5,"sizes":[]},"_margin_tablet":{"unit":"px","top":"0","right":"0","bottom":"0","left":"0","isLinked":false},"_padding":{"unit":"%","top":"0","right":"40","bottom":"0","left":"0","isLinked":false},"_padding_tablet":{"unit":"%","top":"0","right":"0","bottom":"0","left":"0","isLinked":false},"_padding_mobile":{"unit":"%","top":"","right":"","bottom":"","left":"","isLinked":true},"__globals__":{"title_color":"globals\/colors?id=astglobalcolor5"},"ha_advanced_tooltip_content":"I am a tooltip"},"elements":[],"isInner":false,"widgetType":"heading","elType":"widget"},{"id":"7ad03ec1","settings":{"text":"BOOK CONSULTATION","_margin":{"unit":"px","top":"22","right":"0","bottom":"30","left":"0","isLinked":false},"align":"left","align_tablet":"center","_margin_tablet":{"unit":"px","top":"10","right":"0","bottom":"50","left":"0","isLinked":false},"ha_advanced_tooltip_content":"I am a tooltip"},"elements":[],"isInner":false,"widgetType":"button","elType":"widget"}],"isInner":false,"elType":"container"}],"settings":{"template":"default","astra_sites_main_color":"var(--ast-global-color-0)","astra_sites_heading_base_color":"var(--ast-global-color-2)","astra_sites_link_color":"var(--ast-global-color-2)","astra_sites_link_hover_color":"var(--ast-global-color-1)","astra_sites_text_color":"var(--ast-global-color-3)","astra_sites_body_typography":"custom","astra_sites_body_font_size":{"unit":"px","size":17},"astra_sites_body_font_size_mobile":{"unit":"px","size":15},"astra_sites_body_line_height":{"unit":"em","size":1.6},"astra_sites_body_font_family":"Work Sans","astra_sites_body_font_weight":"400","astra_sites_heading_1_typography":"custom","astra_sites_heading_1_font_size":{"unit":"px","size":64},"astra_sites_heading_1_font_size_tablet":{"unit":"px","size":34},"astra_sites_heading_1_font_size_mobile":{"unit":"px","size":30},"astra_sites_default_heading_font_family":"'DM Serif Display', serif","astra_sites_heading_1_font_family":"'DM Serif Display'","astra_sites_heading_1_font_weight":"400","astra_sites_heading_2_typography":"custom","astra_sites_heading_2_font_size":{"unit":"px","size":48},"astra_sites_heading_2_font_size_tablet":{"unit":"px","size":30},"astra_sites_heading_2_font_size_mobile":{"unit":"px","size":26},"astra_sites_heading_2_font_family":"'DM Serif Display'","astra_sites_heading_2_font_weight":"400","astra_sites_heading_3_typography":"custom","astra_sites_heading_3_font_size":{"unit":"px","size":36},"astra_sites_heading_3_font_size_tablet":{"unit":"px","size":26},"astra_sites_heading_3_font_size_mobile":{"unit":"px","size":22},"astra_sites_heading_3_font_family":"'DM Serif Display'","astra_sites_heading_3_font_weight":"400","astra_sites_heading_4_typography":"custom","astra_sites_heading_4_font_size":{"unit":"px","size":28},"astra_sites_heading_4_font_size_tablet":{"unit":"px","size":20},"astra_sites_heading_4_font_size_mobile":{"unit":"px","size":18},"astra_sites_heading_4_font_family":"'DM Serif Display'","astra_sites_heading_4_font_weight":"400","astra_sites_heading_5_typography":"custom","astra_sites_heading_5_font_size":{"unit":"px","size":22},"astra_sites_heading_5_font_size_tablet":{"unit":"px","size":18},"astra_sites_heading_5_font_size_mobile":{"unit":"px","size":16},"astra_sites_heading_5_font_family":"'DM Serif Display'","astra_sites_heading_5_font_weight":"400","astra_sites_heading_6_typography":"custom","astra_sites_heading_6_font_size":{"unit":"px","size":18},"astra_sites_heading_6_font_size_tablet":{"unit":"px","size":16},"astra_sites_heading_6_font_size_mobile":{"unit":"px","size":14},"astra_sites_heading_6_font_family":"'DM Serif Display'","astra_sites_heading_6_font_weight":"400","astra_sites_page_setting_enable":"","ha_grid_number":"","ha_grid_zindex":"1000","eael_ext_toc_title":"Table of Contents"},"metadata":{"site-sidebar-layout":"no-sidebar","site-content-layout":"page-builder","theme-transparent-header-meta":"default","site-post-title":"disabled","ast-title-bar-display":"disabled","ast-featured-img":"disabled","astra-main-page-id":"55451","ast_self_id_55451":"1"}}