{"content":[{"id":"450f4713","settings":{"flex_gap":{"size":0,"column":"0","row":"0","unit":"px","isLinked":true},"content_position":"middle","structure":"20","padding":{"unit":"px","top":"100","right":"0","bottom":"0","left":"0","isLinked":false},"padding_tablet":{"unit":"px","top":"50","right":"50","bottom":"50","left":"50","isLinked":true},"padding_mobile":{"unit":"px","top":"50","right":"20","bottom":"50","left":"20","isLinked":false},"background_overlay_opacity":{"unit":"px","size":0.07,"sizes":[]},"background_background":"classic","__globals__":{"background_color":"globals\/colors?id=astglobalcolor4"},"flex_direction":"row","flex_align_items":"center","background_image":{"url":"","id":"","size":""},"background_video_fallback":{"url":"","id":"","size":""},"background_slideshow_gallery":[],"background_hover_image":{"url":"","id":"","size":""},"background_hover_video_fallback":{"url":"","id":"","size":""},"background_hover_slideshow_gallery":[],"background_overlay_image":{"url":"","id":"","size":""},"background_overlay_video_fallback":{"url":"","id":"","size":""},"background_overlay_slideshow_gallery":[],"background_overlay_hover_image":{"url":"","id":"","size":""},"background_overlay_hover_video_fallback":{"url":"","id":"","size":""},"background_overlay_hover_slideshow_gallery":[]},"elements":[{"id":"4c70c41a","settings":{"_column_size":50,"width":{"size":50,"unit":"%"},"content_width":"full","padding":{"unit":"px","top":"0","right":"0","bottom":"0","left":"0","isLinked":false},"background_image":{"url":"","id":"","size":""},"background_video_fallback":{"url":"","id":"","size":""},"background_slideshow_gallery":[],"background_hover_image":{"url":"","id":"","size":""},"background_hover_video_fallback":{"url":"","id":"","size":""},"background_hover_slideshow_gallery":[],"background_overlay_image":{"url":"","id":"","size":""},"background_overlay_video_fallback":{"url":"","id":"","size":""},"background_overlay_slideshow_gallery":[],"background_overlay_hover_image":{"url":"","id":"","size":""},"background_overlay_hover_video_fallback":{"url":"","id":"","size":""},"background_overlay_hover_slideshow_gallery":[]},"elements":[{"id":"1b09daec","settings":{"title":"Get In Touch","align":"left","_element_width_mobile":"inherit","header_size":"h1","_background_image":{"url":"","id":"","size":""},"_background_video_fallback":{"url":"","id":"","size":""},"_background_slideshow_gallery":[],"_background_hover_image":{"url":"","id":"","size":""},"_background_hover_video_fallback":{"url":"","id":"","size":""},"_background_hover_slideshow_gallery":[],"_mask_image":{"url":"","id":"","size":""}},"elements":[],"isInner":false,"widgetType":"heading","elType":"widget","htmlCache":"\t\t<div class=\"elementor-widget-container\">\n\t\t\t<style>\/*! elementor - v3.20.0 - 10-04-2024 *\/\n.elementor-heading-title{padding:0;margin:0;line-height:1}.elementor-widget-heading .elementor-heading-title[class*=elementor-size-]>a{color:inherit;font-size:inherit;line-height:inherit}.elementor-widget-heading .elementor-heading-title.elementor-size-small{font-size:15px}.elementor-widget-heading .elementor-heading-title.elementor-size-medium{font-size:19px}.elementor-widget-heading .elementor-heading-title.elementor-size-large{font-size:29px}.elementor-widget-heading .elementor-heading-title.elementor-size-xl{font-size:39px}.elementor-widget-heading .elementor-heading-title.elementor-size-xxl{font-size:59px}<\/style><h1 class=\"elementor-heading-title elementor-size-default\">Get In Touch<\/h1>\t\t<\/div>\n\t\t"}],"isInner":true,"elType":"container"},{"id":"64c8013d","settings":{"_column_size":50,"width":{"size":50,"unit":"%"},"content_width":"full","padding":{"unit":"px","top":"0","right":"0","bottom":"0","left":"0","isLinked":false},"background_image":{"url":"","id":"","size":""},"background_video_fallback":{"url":"","id":"","size":""},"background_slideshow_gallery":[],"background_hover_image":{"url":"","id":"","size":""},"background_hover_video_fallback":{"url":"","id":"","size":""},"background_hover_slideshow_gallery":[],"background_overlay_image":{"url":"","id":"","size":""},"background_overlay_video_fallback":{"url":"","id":"","size":""},"background_overlay_slideshow_gallery":[],"background_overlay_hover_image":{"url":"","id":"","size":""},"background_overlay_hover_video_fallback":{"url":"","id":"","size":""},"background_overlay_hover_slideshow_gallery":[]},"elements":[{"id":"6624ae90","settings":{"image":{"id":"39","url":"http:\/\/pinto.local\/wp-content\/uploads\/2021\/05\/inner-page-hero-img.jpg"},"_margin":{"unit":"px","top":"0","right":"0","bottom":"-100","left":"0","isLinked":false},"_margin_mobile":{"unit":"px","top":"30","right":"0","bottom":"0","left":"0","isLinked":false},"_z_index":1,"_background_image":{"url":"","id":"","size":""},"_background_video_fallback":{"url":"","id":"","size":""},"_background_slideshow_gallery":[],"_background_hover_image":{"url":"","id":"","size":""},"_background_hover_video_fallback":{"url":"","id":"","size":""},"_background_hover_slideshow_gallery":[],"_mask_image":{"url":"","id":"","size":""}},"elements":[],"isInner":false,"widgetType":"image","elType":"widget","htmlCache":"\t\t<div class=\"elementor-widget-container\">\n\t\t\t<style>\/*! elementor - v3.20.0 - 10-04-2024 *\/\n.elementor-widget-image{text-align:center}.elementor-widget-image a{display:inline-block}.elementor-widget-image a img[src$=\".svg\"]{width:48px}.elementor-widget-image img{vertical-align:middle;display:inline-block}<\/style>\t\t\t\t\t\t\t\t\t\t<img width=\"700\" height=\"372\" src=\"http:\/\/pinto.local\/wp-content\/uploads\/2021\/05\/inner-page-hero-img.jpg\" class=\"attachment-large size-large wp-image-39\" alt=\"\" srcset=\"http:\/\/pinto.local\/wp-content\/uploads\/2021\/05\/inner-page-hero-img.jpg 700w, http:\/\/pinto.local\/wp-content\/uploads\/2021\/05\/inner-page-hero-img-300x159.jpg 300w\" sizes=\"(max-width: 700px) 100vw, 700px\" \/>\t\t\t\t\t\t\t\t\t\t\t\t\t<\/div>\n\t\t"}],"isInner":true,"elType":"container"}],"isInner":false,"elType":"container"},{"id":"29889d2d","settings":{"flex_gap":{"size":0,"column":"0","row":"0","unit":"px","isLinked":true},"structure":"20","padding":{"unit":"px","top":"200","right":"0","bottom":"100","left":"0","isLinked":false},"content_position":"middle","padding_tablet":{"unit":"px","top":"100","right":"50","bottom":"50","left":"50","isLinked":false},"padding_mobile":{"unit":"px","top":"50","right":"20","bottom":"50","left":"20","isLinked":false},"background_background":"classic","__globals__":{"background_color":"globals\/colors?id=astglobalcolor5"},"flex_direction":"row","flex_align_items":"stretch","flex_wrap_tablet":"wrap","flex_direction_tablet":"row","background_image":{"url":"","id":"","size":""},"background_video_fallback":{"url":"","id":"","size":""},"background_slideshow_gallery":[],"background_hover_image":{"url":"","id":"","size":""},"background_hover_video_fallback":{"url":"","id":"","size":""},"background_hover_slideshow_gallery":[],"background_overlay_image":{"url":"","id":"","size":""},"background_overlay_video_fallback":{"url":"","id":"","size":""},"background_overlay_slideshow_gallery":[],"background_overlay_hover_image":{"url":"","id":"","size":""},"background_overlay_hover_video_fallback":{"url":"","id":"","size":""},"background_overlay_hover_slideshow_gallery":[]},"elements":[{"id":"76de3971","settings":{"_column_size":50,"width":{"size":55,"unit":"%"},"width_tablet":{"size":100,"unit":"%"},"background_color":"#2D2D38","padding":{"unit":"px","top":"50","right":"0","bottom":"50","left":"50","isLinked":false},"padding_tablet":{"unit":"px","top":"0","right":"0","bottom":"0","left":"0","isLinked":true},"content_width":"full","background_image":{"url":"","id":"","size":""},"background_video_fallback":{"url":"","id":"","size":""},"background_slideshow_gallery":[],"background_hover_image":{"url":"","id":"","size":""},"background_hover_video_fallback":{"url":"","id":"","size":""},"background_hover_slideshow_gallery":[],"background_overlay_image":{"url":"","id":"","size":""},"background_overlay_video_fallback":{"url":"","id":"","size":""},"background_overlay_slideshow_gallery":[],"background_overlay_hover_image":{"url":"","id":"","size":""},"background_overlay_hover_video_fallback":{"url":"","id":"","size":""},"background_overlay_hover_slideshow_gallery":[]},"elements":[{"id":"4daeabd8","settings":{"image":{"id":"37","url":"http:\/\/pinto.local\/wp-content\/uploads\/2021\/05\/home-about-img.jpg"},"image_size":"full","width":{"unit":"%","size":100,"sizes":[]},"_background_image":{"url":"","id":"","size":""},"_background_video_fallback":{"url":"","id":"","size":""},"_background_slideshow_gallery":[],"_background_hover_image":{"url":"","id":"","size":""},"_background_hover_video_fallback":{"url":"","id":"","size":""},"_background_hover_slideshow_gallery":[],"_mask_image":{"url":"","id":"","size":""}},"elements":[],"isInner":false,"widgetType":"image","elType":"widget","htmlCache":"\t\t<div class=\"elementor-widget-container\">\n\t\t\t\t\t\t\t\t\t\t\t\t\t<img width=\"600\" height=\"480\" src=\"http:\/\/pinto.local\/wp-content\/uploads\/2021\/05\/home-about-img.jpg\" class=\"attachment-full size-full wp-image-37\" alt=\"\" srcset=\"http:\/\/pinto.local\/wp-content\/uploads\/2021\/05\/home-about-img.jpg 600w, http:\/\/pinto.local\/wp-content\/uploads\/2021\/05\/home-about-img-300x240.jpg 300w\" sizes=\"(max-width: 600px) 100vw, 600px\" \/>\t\t\t\t\t\t\t\t\t\t\t\t\t<\/div>\n\t\t"}],"isInner":true,"elType":"container"},{"id":"17ed2829","settings":{"_column_size":50,"width":{"size":45,"unit":"%"},"background_background":"classic","padding":{"unit":"px","top":"50","right":"50","bottom":"50","left":"50","isLinked":true},"width_tablet":{"size":100,"unit":"%"},"padding_tablet":{"unit":"px","top":"50","right":"50","bottom":"50","left":"50","isLinked":true},"padding_mobile":{"unit":"px","top":"25","right":"15","bottom":"15","left":"15","isLinked":false},"__globals__":{"background_color":"globals\/colors?id=astglobalcolor6"},"content_width":"full","background_image":{"url":"","id":"","size":""},"background_video_fallback":{"url":"","id":"","size":""},"background_slideshow_gallery":[],"background_hover_image":{"url":"","id":"","size":""},"background_hover_video_fallback":{"url":"","id":"","size":""},"background_hover_slideshow_gallery":[],"background_overlay_image":{"url":"","id":"","size":""},"background_overlay_video_fallback":{"url":"","id":"","size":""},"background_overlay_slideshow_gallery":[],"background_overlay_hover_image":{"url":"","id":"","size":""},"background_overlay_hover_video_fallback":{"url":"","id":"","size":""},"background_overlay_hover_slideshow_gallery":[]},"elements":[{"id":"62dd6764","settings":{"title":"Send us a message","header_size":"h3","title_color":"#FFFFFF","_padding":{"unit":"px","top":"5","right":"0","bottom":"0","left":"0","isLinked":false},"_padding_tablet":{"unit":"px","top":"0","right":"0","bottom":"0","left":"0","isLinked":false},"_background_image":{"url":"","id":"","size":""},"_background_video_fallback":{"url":"","id":"","size":""},"_background_slideshow_gallery":[],"_background_hover_image":{"url":"","id":"","size":""},"_background_hover_video_fallback":{"url":"","id":"","size":""},"_background_hover_slideshow_gallery":[],"_mask_image":{"url":"","id":"","size":""}},"elements":[],"isInner":false,"widgetType":"heading","elType":"widget","htmlCache":"\t\t<div class=\"elementor-widget-container\">\n\t\t\t<h3 class=\"elementor-heading-title elementor-size-default\">Send us a message<\/h3>\t\t<\/div>\n\t\t"},{"id":"36ebeef7","settings":{"form_id":"8","_margin":{"unit":"px","top":"-10","right":"0","bottom":"-26","left":"0","isLinked":false},"_background_image":{"url":"","id":"","size":""},"_background_video_fallback":{"url":"","id":"","size":""},"_background_slideshow_gallery":[],"_background_hover_image":{"url":"","id":"","size":""},"_background_hover_video_fallback":{"url":"","id":"","size":""},"_background_hover_slideshow_gallery":[],"_mask_image":{"url":"","id":"","size":""}},"elements":[],"isInner":false,"widgetType":"wpforms","elType":"widget","htmlCache":"\t\t<div class=\"elementor-widget-container\">\n\t\t\t<div class=\"wpforms-container \" id=\"wpforms-8\"><form id=\"wpforms-form-8\" class=\"wpforms-validate wpforms-form\" data-formid=\"8\" method=\"post\" enctype=\"multipart\/form-data\" action=\"\/wp-admin\/admin-ajax.php?action=wp_image_process&#038;nonce=fc9535fd0c\" data-token=\"489e7c8aed1597b78bfc45b621810c46\"><noscript class=\"wpforms-error-noscript\">Please enable JavaScript in your browser to complete this form.<\/noscript><div class=\"wpforms-field-container\"><div id=\"wpforms-8-field_0-container\" class=\"wpforms-field wpforms-field-name\" data-field-id=\"0\"><label class=\"wpforms-field-label wpforms-label-hide\" for=\"wpforms-8-field_0\">Name <span class=\"wpforms-required-label\">*<\/span><\/label><input type=\"text\" id=\"wpforms-8-field_0\" class=\"wpforms-field-large wpforms-field-required\" name=\"wpforms[fields][0]\" placeholder=\"Name\" required><\/div><div id=\"wpforms-8-field_1-container\" class=\"wpforms-field wpforms-field-email\" data-field-id=\"1\"><label class=\"wpforms-field-label wpforms-label-hide\" for=\"wpforms-8-field_1\">Email <span class=\"wpforms-required-label\">*<\/span><\/label><input type=\"email\" id=\"wpforms-8-field_1\" class=\"wpforms-field-large wpforms-field-required\" name=\"wpforms[fields][1]\" placeholder=\"Email Address\" spellcheck=\"false\" required><\/div><div id=\"wpforms-8-field_3-container\" class=\"wpforms-field wpforms-field-text\" data-field-id=\"3\"><label class=\"wpforms-field-label wpforms-label-hide\" for=\"wpforms-8-field_3\">Subject <span class=\"wpforms-required-label\">*<\/span><\/label><input type=\"text\" id=\"wpforms-8-field_3\" class=\"wpforms-field-large wpforms-field-required\" name=\"wpforms[fields][3]\" placeholder=\"Subject\" required><\/div><div id=\"wpforms-8-field_2-container\" class=\"wpforms-field wpforms-field-textarea\" data-field-id=\"2\"><label class=\"wpforms-field-label wpforms-label-hide\" for=\"wpforms-8-field_2\">Message <span class=\"wpforms-required-label\">*<\/span><\/label><textarea id=\"wpforms-8-field_2\" class=\"wpforms-field-medium wpforms-field-required\" name=\"wpforms[fields][2]\" placeholder=\"Your Message\" required><\/textarea><\/div><\/div><!-- .wpforms-field-container --><div class=\"wpforms-submit-container\" ><input type=\"hidden\" name=\"wpforms[id]\" value=\"8\">\t\t\t<input\n\t\t\t\ttype=\"hidden\"\n\t\t\t\tname=\"wpforms[nonce]\"\n\t\t\t\tvalue=\"abc9691de5\"\n\t\t\t\/>\n\t\t\t<input type=\"hidden\" name=\"wpforms[author]\" value=\"0\"><button type=\"submit\" name=\"wpforms[submit]\" id=\"wpforms-submit-8\" class=\"wpforms-submit\" data-alt-text=\"Sending...\" data-submit-text=\"Send Away!\" aria-live=\"assertive\" value=\"wpforms-submit\">Send Away!<\/button><\/div><\/form><\/div>  <!-- .wpforms-container -->\t\t<\/div>\n\t\t"}],"isInner":true,"elType":"container"}],"isInner":false,"elType":"container"},{"id":"f5bf20a","settings":{"flex_direction":"column","background_background":"classic","background_image":{"id":"30","url":"http:\/\/pinto.local\/wp-content\/uploads\/2021\/05\/cta-bg.jpg"},"background_attachment":"fixed","background_overlay_background":"classic","padding":{"unit":"px","top":"100","right":"0","bottom":"100","left":"0","isLinked":false},"background_overlay_opacity":{"unit":"px","size":0.7,"sizes":[]},"__globals__":{"background_overlay_color":"globals\/colors?id=astglobalcolor7"},"background_position":"center center","background_size":"cover","padding_tablet":{"unit":"px","top":"50","right":"50","bottom":"50","left":"50","isLinked":true},"padding_mobile":{"unit":"px","top":"50","right":"25","bottom":"40","left":"25","isLinked":false},"background_video_fallback":{"url":"","id":"","size":""},"background_slideshow_gallery":[],"background_hover_image":{"url":"","id":"","size":""},"background_hover_video_fallback":{"url":"","id":"","size":""},"background_hover_slideshow_gallery":[],"background_overlay_image":{"url":"","id":"","size":""},"background_overlay_video_fallback":{"url":"","id":"","size":""},"background_overlay_slideshow_gallery":[],"background_overlay_hover_image":{"url":"","id":"","size":""},"background_overlay_hover_video_fallback":{"url":"","id":"","size":""},"background_overlay_hover_slideshow_gallery":[]},"elements":[{"id":"bb47c19","settings":{"title":"Overcome your obstacles. Get Business Coaching, Today!","align_tablet":"center","typography_typography":"custom","typography_font_size":{"unit":"px","size":42,"sizes":[]},"typography_font_size_tablet":{"unit":"px","size":29,"sizes":[]},"typography_font_size_mobile":{"unit":"px","size":25,"sizes":[]},"typography_line_height":{"unit":"em","size":1.5,"sizes":[]},"_margin_tablet":{"unit":"px","top":"0","right":"0","bottom":"0","left":"0","isLinked":false},"_padding":{"unit":"%","top":"0","right":"40","bottom":"0","left":"0","isLinked":false},"_padding_tablet":{"unit":"%","top":"0","right":"0","bottom":"0","left":"0","isLinked":false},"_padding_mobile":{"unit":"%","top":"","right":"","bottom":"","left":"","isLinked":true},"__globals__":{"title_color":"globals\/colors?id=astglobalcolor5"},"_background_image":{"url":"","id":"","size":""},"_background_video_fallback":{"url":"","id":"","size":""},"_background_slideshow_gallery":[],"_background_hover_image":{"url":"","id":"","size":""},"_background_hover_video_fallback":{"url":"","id":"","size":""},"_background_hover_slideshow_gallery":[],"_mask_image":{"url":"","id":"","size":""}},"elements":[],"isInner":false,"widgetType":"heading","elType":"widget","htmlCache":"\t\t<div class=\"elementor-widget-container\">\n\t\t\t<h2 class=\"elementor-heading-title elementor-size-default\">Overcome your obstacles. Get Business Coaching, Today!<\/h2>\t\t<\/div>\n\t\t"},{"id":"116bdec3","settings":{"text":"BOOK CONSULTATION","_margin":{"unit":"px","top":"22","right":"0","bottom":"30","left":"0","isLinked":false},"align":"left","align_tablet":"center","_margin_tablet":{"unit":"px","top":"10","right":"0","bottom":"50","left":"0","isLinked":false},"selected_icon":{"value":"","library":""},"background_video_fallback":{"url":"","id":"","size":""},"background_slideshow_gallery":[],"button_background_hover_video_fallback":{"url":"","id":"","size":""},"button_background_hover_slideshow_gallery":[],"_background_image":{"url":"","id":"","size":""},"_background_video_fallback":{"url":"","id":"","size":""},"_background_slideshow_gallery":[],"_background_hover_image":{"url":"","id":"","size":""},"_background_hover_video_fallback":{"url":"","id":"","size":""},"_background_hover_slideshow_gallery":[],"_mask_image":{"url":"","id":"","size":""}},"elements":[],"isInner":false,"widgetType":"button","elType":"widget","htmlCache":"\t\t<div class=\"elementor-widget-container\">\n\t\t\t\t\t<div class=\"elementor-button-wrapper\">\n\t\t\t<a class=\"elementor-button elementor-button-link elementor-size-sm\" href=\"#\">\n\t\t\t\t\t\t<span class=\"elementor-button-content-wrapper\">\n\t\t\t\t\t\t<span class=\"elementor-button-text\">BOOK CONSULTATION<\/span>\n\t\t<\/span>\n\t\t\t\t\t<\/a>\n\t\t<\/div>\n\t\t\t\t<\/div>\n\t\t"}],"isInner":false,"elType":"container"}],"settings":{"template":"default","astra_sites_main_color":"var(--ast-global-color-0)","astra_sites_heading_base_color":"var(--ast-global-color-2)","astra_sites_link_color":"var(--ast-global-color-2)","astra_sites_link_hover_color":"var(--ast-global-color-1)","astra_sites_text_color":"var(--ast-global-color-3)","astra_sites_body_typography":"custom","astra_sites_body_font_size":{"unit":"px","size":17},"astra_sites_body_font_size_mobile":{"unit":"px","size":15},"astra_sites_body_line_height":{"unit":"em","size":1.6},"astra_sites_body_font_family":"Work Sans","astra_sites_body_font_weight":"400","astra_sites_heading_1_typography":"custom","astra_sites_heading_1_font_size":{"unit":"px","size":64},"astra_sites_heading_1_font_size_tablet":{"unit":"px","size":34},"astra_sites_heading_1_font_size_mobile":{"unit":"px","size":30},"astra_sites_default_heading_font_family":"'DM Serif Display', serif","astra_sites_heading_1_font_family":"'DM Serif Display'","astra_sites_heading_1_font_weight":"400","astra_sites_heading_2_typography":"custom","astra_sites_heading_2_font_size":{"unit":"px","size":48},"astra_sites_heading_2_font_size_tablet":{"unit":"px","size":30},"astra_sites_heading_2_font_size_mobile":{"unit":"px","size":26},"astra_sites_heading_2_font_family":"'DM Serif Display'","astra_sites_heading_2_font_weight":"400","astra_sites_heading_3_typography":"custom","astra_sites_heading_3_font_size":{"unit":"px","size":36},"astra_sites_heading_3_font_size_tablet":{"unit":"px","size":26},"astra_sites_heading_3_font_size_mobile":{"unit":"px","size":22},"astra_sites_heading_3_font_family":"'DM Serif Display'","astra_sites_heading_3_font_weight":"400","astra_sites_heading_4_typography":"custom","astra_sites_heading_4_font_size":{"unit":"px","size":28},"astra_sites_heading_4_font_size_tablet":{"unit":"px","size":20},"astra_sites_heading_4_font_size_mobile":{"unit":"px","size":18},"astra_sites_heading_4_font_family":"'DM Serif Display'","astra_sites_heading_4_font_weight":"400","astra_sites_heading_5_typography":"custom","astra_sites_heading_5_font_size":{"unit":"px","size":22},"astra_sites_heading_5_font_size_tablet":{"unit":"px","size":18},"astra_sites_heading_5_font_size_mobile":{"unit":"px","size":16},"astra_sites_heading_5_font_family":"'DM Serif Display'","astra_sites_heading_5_font_weight":"400","astra_sites_heading_6_typography":"custom","astra_sites_heading_6_font_size":{"unit":"px","size":18},"astra_sites_heading_6_font_size_tablet":{"unit":"px","size":16},"astra_sites_heading_6_font_size_mobile":{"unit":"px","size":14},"astra_sites_heading_6_font_family":"'DM Serif Display'","astra_sites_heading_6_font_weight":"400","astra_sites_page_setting_enable":""},"metadata":{"site-sidebar-layout":"no-sidebar","site-content-layout":"page-builder","theme-transparent-header-meta":"default","site-post-title":"disabled","ast-title-bar-display":"disabled","ast-featured-img":"disabled","astra-main-page-id":"55452","ast_self_id_55452":"1"}}