{"content":[{"id":"77c8504c","settings":{"content_width":"full","flex_gap":{"size":0,"column":"0","row":"0","unit":"px","isLinked":true},"content_position":"middle","structure":"20","padding":{"unit":"px","top":"0","right":"0","bottom":"0","left":"0","isLinked":false},"padding_tablet":{"unit":"px","top":"50","right":"25","bottom":"50","left":"25","isLinked":false},"padding_mobile":{"unit":"px","top":"0","right":"0","bottom":"0","left":"0","isLinked":true},"reverse_order_mobile":"reverse-mobile","background_overlay_opacity":{"unit":"px","size":0.07,"sizes":[]},"background_background":"classic","__globals__":{"background_color":"globals\/colors?id=astglobalcolor4"},"flex_direction":"row","flex_align_items":"center","flex_direction_mobile":"column-reverse"},"elements":[{"id":"44eb8826","settings":{"_column_size":50,"width":{"size":54,"unit":"%"},"width_tablet":{"size":55,"unit":"%"},"padding_tablet":{"unit":"px","top":"0","right":"25","bottom":"0","left":"0","isLinked":false},"padding_mobile":{"unit":"px","top":"50","right":"20","bottom":"50","left":"20","isLinked":false},"margin_tablet":{"unit":"px","top":"0","right":"0","bottom":"0","left":"0","isLinked":false},"margin_mobile":{"unit":"px","top":"0","right":"0","bottom":"0","left":"0","isLinked":false},"content_width":"full","padding":{"unit":"px","top":"0","right":"0","bottom":"0","left":"0","isLinked":false}},"elements":[{"id":"5ef60837","settings":{"width":{"unit":"px","size":700,"sizes":[]},"flex_gap":{"size":0,"column":"0","row":"0","unit":"px","isLinked":true},"margin_mobile":{"unit":"px","top":"0","right":0,"bottom":"0","left":0,"isLinked":false},"padding_mobile":{"unit":"px","top":"0","right":"0","bottom":"0","left":"0","isLinked":false},"flex_direction":"row","flex_align_items":"stretch","boxed_width":{"unit":"px","size":700,"sizes":[]},"padding":{"unit":"px","top":"0","right":"0","bottom":"0","left":"0","isLinked":false}},"elements":[{"id":"3f2109a1","settings":{"_column_size":100,"width":{"size":null,"unit":"%"},"flex_gap":{"size":50,"column":"50","row":"50","unit":"px","isLinked":true},"margin_mobile":{"unit":"px","top":"0","right":"0","bottom":"0","left":"0","isLinked":false},"padding_mobile":{"unit":"px","top":"0","right":"0","bottom":"0","left":"0","isLinked":false},"content_width":"full","padding":{"unit":"px","top":"0","right":"0","bottom":"0","left":"0","isLinked":false}},"elements":[{"id":"30ca5305","settings":{"content_width":"full"},"elements":[{"id":"159dfb19","settings":{"eael_fancy_text_prefix":"Your Trusted Partner in ","eael_fancy_text_strings":[{"eael_fancy_text_strings_text_field":"Real Estate","_id":"1896fbf"},{"eael_fancy_text_strings_text_field":"Imigration","_id":"d825037"},{"eael_fancy_text_strings_text_field":"Corporate Law","_id":"7905cc2"}],"eael_fancy_text_suffix":"","eael_fancy_text_alignment":"left","typography_typography":"custom","typography_font_size":{"unit":"px","size":70,"sizes":[]},"typography_line_height":{"unit":"px","size":100,"sizes":[]},"typography_word_spacing":{"unit":"px","size":0,"sizes":[]},"eael_fancy_text_strings_typography_typography":"custom","eael_fancy_text_strings_typography_font_size":{"unit":"px","size":70,"sizes":[]},"eael_fancy_text_strings_typography_line_height":{"unit":"px","size":100,"sizes":[]},"ending_typography_typography":"custom","ending_typography_font_size":{"unit":"px","size":70,"sizes":[]},"ha_advanced_tooltip_content":"I am a tooltip"},"elements":[],"isInner":false,"widgetType":"eael-fancy-text","elType":"widget"}],"isInner":true,"elType":"container"},{"id":"47e25eb3","settings":{"content_width":"full"},"elements":[{"id":"3f000674","settings":{"container_type":"grid","presetTitle":"Grid","presetIcon":"eicon-container-grid","grid_columns_grid":{"unit":"fr","size":2,"sizes":[]},"grid_rows_grid":{"unit":"fr","size":1,"sizes":[]}},"elements":[{"id":"2f81e1bd","settings":{"text":"Book Consultation","align":"left","background_background":"","button_background_hover_background":"","ha_advanced_tooltip_content":"I am a tooltip","ha_fixed_size_toggle":"yes","ha_width":{"unit":"px","size":260,"sizes":[]}},"elements":[],"isInner":false,"widgetType":"button","elType":"widget"},{"id":"246f3e1a","settings":{"text":"           How We Work   ","align":"center","button_background_hover_background":"","ha_advanced_tooltip_content":"I am a tooltip","link":{"url":"#work","is_external":"","nofollow":"","custom_attributes":""},"ha_fixed_size_toggle":"yes","ha_width":{"unit":"px","size":260,"sizes":[]},"border_border":"solid","button_css_id":"work2","__globals__":{"button_text_color":"","background_color":""}},"elements":[],"isInner":false,"widgetType":"button","elType":"widget"}],"isInner":true,"elType":"container"}],"isInner":true,"elType":"container"}],"isInner":true,"elType":"container"}],"isInner":true,"elType":"container"}],"isInner":true,"elType":"container"},{"id":"929e67c","settings":{"_column_size":50,"width":{"size":46,"unit":"%"},"width_tablet":{"size":45,"unit":"%"},"margin_tablet":{"unit":"px","top":"0","right":"0","bottom":"0","left":"0","isLinked":false},"content_width":"full","padding":{"unit":"px","top":"0","right":"0","bottom":"0","left":"0","isLinked":false}},"elements":[{"id":"3fa49a99","settings":{"image":{"id":355,"url":"http:\/\/pinto.local\/wp-content\/uploads\/2024\/04\/file.png","alt":"","source":"library","size":""},"image_size":"2048x2048","ha_advanced_tooltip_content":"I am a tooltip"},"elements":[],"isInner":false,"widgetType":"image","elType":"widget"}],"isInner":true,"elType":"container"}],"isInner":false,"elType":"container"},{"id":"1ece5e9d","settings":{"padding":{"unit":"px","top":"150","right":"0","bottom":"150","left":"0","isLinked":false},"z_index":1,"padding_mobile":{"unit":"px","top":"80","right":"0","bottom":"80","left":"0","isLinked":false},"background_image":{"url":"http:\/\/pinto.local\/wp-content\/uploads\/2024\/04\/banner-1.jpg","id":467,"size":"","alt":"","source":"library"},"background_background":"classic","background_color":"#FFFFFF","background_overlay_background":"classic","background_overlay_opacity":{"unit":"px","size":0.58,"sizes":[]},"__globals__":{"background_overlay_color":"globals\/colors?id=astglobalcolor3"}},"elements":[{"id":"5abfb052","settings":{"_column_size":100,"css_classes":"p-0","custom_css":".p-0 > .elementor-element-populated {\n    padding: 0px!important;\n}"},"elements":[{"id":"1f98747","settings":{"structure":"30","margin":{"unit":"px","top":"0","right":0,"bottom":"70","left":0,"isLinked":false},"margin_mobile":{"unit":"px","top":"0","right":0,"bottom":"20","left":0,"isLinked":false},"animation":"fadeInUp"},"elements":[{"id":"679a6a44","settings":{"_column_size":33,"_inline_size":10},"elements":[],"isInner":true,"elType":"column"},{"id":"24de4070","settings":{"_column_size":33,"_inline_size":79.332},"elements":[{"id":"58cebed3","settings":{"title":"Services","align":"center","typography_typography":"custom","typography_font_family":"Zilla Slab","typography_font_size":{"unit":"px","size":48,"sizes":[]},"typography_font_weight":"500","typography_line_height":{"unit":"px","size":60,"sizes":[]},"_margin":{"unit":"px","top":"0","right":"0","bottom":"5","left":"0","isLinked":false},"eael_tooltip_section_content":"I am a tooltip","align_mobile":"center","typography_font_size_mobile":{"unit":"px","size":28,"sizes":[]},"typography_line_height_mobile":{"unit":"px","size":30,"sizes":[]},"eael_ext_content_protection_password_placeholder":"Enter Password","eael_ext_content_protection_password_submit_btn_txt":"Submit","ha_advanced_tooltip_content":"I am a tooltip","__globals__":{"title_color":"globals\/colors?id=astglobalcolor5"}},"elements":[],"isInner":false,"widgetType":"heading","elType":"widget"},{"id":"e3f6faf","settings":{"editor":"<p>Business is the activity of making one living or making money by producing or buying and selling products. Simply put it is any activity or enterprise entered into for profit.<\/p>","align":"center","typography_typography":"custom","typography_font_family":"Poppins","typography_font_size":{"unit":"px","size":16,"sizes":[]},"typography_font_weight":"500","typography_line_height":{"unit":"px","size":30,"sizes":[]},"eael_tooltip_section_content":"I am a tooltip","typography_font_size_mobile":{"unit":"px","size":14,"sizes":[]},"typography_line_height_mobile":{"unit":"px","size":26,"sizes":[]},"eael_ext_content_protection_password_placeholder":"Enter Password","eael_ext_content_protection_password_submit_btn_txt":"Submit","ha_advanced_tooltip_content":"I am a tooltip","__globals__":{"text_color":"globals\/colors?id=astglobalcolor5"}},"elements":[],"isInner":false,"widgetType":"text-editor","elType":"widget"}],"isInner":true,"elType":"column"},{"id":"142d8cdc","settings":{"_column_size":33,"_inline_size":10},"elements":[],"isInner":true,"elType":"column"}],"isInner":true,"elType":"section"},{"id":"7ff6b46a","settings":{"structure":"30"},"elements":[{"id":"760d4a12","settings":{"_column_size":33,"_inline_size":48},"elements":[{"id":"433f524","settings":{"eael_infobox_img_type":"img-on-left","eael_infobox_img_or_icon":"img","icon_vertical_position":"middle","eael_infobox_image":{"id":"590","url":"http:\/\/pinto.local\/wp-content\/uploads\/2024\/04\/noun_code_721883-1.png"},"eael_infobox_title":"VISA Solutions","eael_infobox_text":"<p>Business is the activity of making one living making money by producing products.Simply put it is any activity or enterprise entered into for profit.<\/p>","infobox_button_text":"Click Me!","eael_infobox_image_icon_bg_color":"#886cff","eael_infobox_image_icon_padding":{"unit":"px","top":"20","right":"15","bottom":"20","left":"15","isLinked":false},"eael_infobox_img_shape":"circle","eael_infobox_hover_image_border_width":{"unit":"px","top":"2","right":"2","bottom":"2","left":"2","isLinked":true},"eael_infobox_hover_image_border_color":"#f3c203","eael_infobox_hover_img_shape":"circle","eael_infobox_image_resizer":{"unit":"px","size":190,"sizes":[]},"_margin":{"unit":"px","top":"0","right":"0","bottom":"30","left":"0","isLinked":false},"eael_infobox_container_padding":{"unit":"px","top":"40","right":"20","bottom":"40","left":"20","isLinked":false},"eael_tooltip_section_content":"I am a tooltip","_background_background":"classic","_background_color":"#f6f5fc","_border_radius":{"unit":"px","top":"15","right":"15","bottom":"15","left":"15","isLinked":true},"_box_shadow_box_shadow_type":"yes","_box_shadow_box_shadow":{"horizontal":0,"vertical":0,"blur":20,"spread":0,"color":"rgba(0,0,0,0.1)"},"custom_css":"\/*selector .infobox-icon {*\/\n\/*    position: absolute;*\/\n\/*    left: -7%;*\/\n\/*    height: 80px !important;*\/\n\/*    width: 80px !important;*\/\n\/*}*\/","eael_infobox_title_color":"#142344","eael_infobox_title_typography_typography":"custom","eael_infobox_title_typography_font_family":"Zilla Slab","eael_infobox_title_typography_font_size":{"unit":"px","size":24,"sizes":[]},"eael_infobox_title_typography_font_weight":"500","eael_infobox_title_typography_text_transform":"capitalize","eael_infobox_title_typography_line_height":{"unit":"px","size":30,"sizes":[]},"eael_infobox_content_color":"#546f7a","eael_infobox_content_typography_hover_typography":"custom","eael_infobox_content_typography_hover_font_family":"Poppins","eael_infobox_content_typography_hover_font_weight":"500","eael_infobox_content_typography_hover_line_height":{"unit":"px","size":30,"sizes":[]},"_background_hover_background":"classic","_background_hover_color":"#ffffff","_background_hover_transition":{"unit":"px","size":0.4,"sizes":[]},"icon_vertical_position_mobile":"top","eael_infobox_image_icon_padding_mobile":{"unit":"px","top":"10","right":"10","bottom":"10","left":"10","isLinked":true},"eael_infobox_title_typography_font_size_mobile":{"unit":"px","size":20,"sizes":[]},"eael_infobox_title_typography_line_height_mobile":{"unit":"px","size":32,"sizes":[]},"eael_infobox_content_typography_hover_font_size_mobile":{"unit":"px","size":14,"sizes":[]},"eael_infobox_content_typography_hover_line_height_mobile":{"unit":"px","size":28,"sizes":[]},"_margin_mobile":{"unit":"px","top":"0","right":"0","bottom":"0","left":"0","isLinked":true},"eael_infobox_container_padding_mobile":{"unit":"px","top":"20","right":"20","bottom":"20","left":"20","isLinked":true},"eael_ext_content_protection_password_placeholder":"Enter Password","eael_ext_content_protection_password_submit_btn_txt":"Submit","_animation":"fadeInLeft","ha_element_link":{"url":"#","is_external":"","nofollow":"","custom_attributes":""},"ha_advanced_tooltip_content":"I am a tooltip"},"elements":[],"isInner":false,"widgetType":"eael-info-box","elType":"widget"},{"id":"4a46b435","settings":{"eael_infobox_img_type":"img-on-left","eael_infobox_img_or_icon":"img","icon_vertical_position":"middle","eael_infobox_image":{"id":"590","url":"http:\/\/pinto.local\/wp-content\/uploads\/2024\/04\/noun_code_721883-1.png"},"eael_infobox_title":"Business Development","eael_infobox_text":"<p>Business is the activity of making one living making money by producing products.Simply put it is any activity or enterprise entered into for profit.<\/p>","infobox_button_text":"Click Me!","eael_infobox_image_icon_bg_color":"#F3C203","eael_infobox_image_icon_padding":{"unit":"px","top":"20","right":"15","bottom":"20","left":"15","isLinked":false},"eael_infobox_img_shape":"circle","eael_infobox_hover_image_border_width":{"unit":"px","top":"2","right":"2","bottom":"2","left":"2","isLinked":true},"eael_infobox_hover_image_border_color":"#f3c203","eael_infobox_hover_img_shape":"circle","eael_infobox_image_resizer":{"unit":"px","size":190,"sizes":[]},"_margin":{"unit":"px","top":"0","right":"0","bottom":"30","left":"0","isLinked":false},"eael_infobox_container_padding":{"unit":"px","top":"40","right":"20","bottom":"40","left":"20","isLinked":false},"eael_tooltip_section_content":"I am a tooltip","_background_background":"classic","_background_color":"#f6f5fc","_border_radius":{"unit":"px","top":"15","right":"15","bottom":"15","left":"15","isLinked":true},"_box_shadow_box_shadow_type":"yes","_box_shadow_box_shadow":{"horizontal":0,"vertical":0,"blur":20,"spread":0,"color":"rgba(0,0,0,0.1)"},"custom_css":"\/*selector .infobox-icon {*\/\n\/*    position: absolute;*\/\n\/*    left: -7%;*\/\n\/*    height: 80px !important;*\/\n\/*    width: 80px !important;*\/\n\/*}*\/","eael_infobox_title_color":"#142344","eael_infobox_title_typography_typography":"custom","eael_infobox_title_typography_font_family":"Zilla Slab","eael_infobox_title_typography_font_size":{"unit":"px","size":24,"sizes":[]},"eael_infobox_title_typography_font_weight":"500","eael_infobox_title_typography_text_transform":"capitalize","eael_infobox_title_typography_line_height":{"unit":"px","size":30,"sizes":[]},"eael_infobox_content_color":"#546f7a","eael_infobox_content_typography_hover_typography":"custom","eael_infobox_content_typography_hover_font_family":"Poppins","eael_infobox_content_typography_hover_font_weight":"500","eael_infobox_content_typography_hover_line_height":{"unit":"px","size":30,"sizes":[]},"_background_hover_background":"classic","_background_hover_color":"#ffffff","_background_hover_transition":{"unit":"px","size":0.4,"sizes":[]},"icon_vertical_position_mobile":"top","eael_infobox_image_icon_padding_mobile":{"unit":"px","top":"10","right":"10","bottom":"10","left":"10","isLinked":true},"eael_infobox_title_typography_font_size_mobile":{"unit":"px","size":20,"sizes":[]},"eael_infobox_title_typography_line_height_mobile":{"unit":"px","size":32,"sizes":[]},"eael_infobox_content_typography_hover_font_size_mobile":{"unit":"px","size":14,"sizes":[]},"eael_infobox_content_typography_hover_line_height_mobile":{"unit":"px","size":28,"sizes":[]},"_margin_mobile":{"unit":"px","top":"0","right":"0","bottom":"0","left":"0","isLinked":true},"eael_infobox_container_padding_mobile":{"unit":"px","top":"20","right":"20","bottom":"20","left":"20","isLinked":true},"eael_ext_content_protection_password_placeholder":"Enter Password","eael_ext_content_protection_password_submit_btn_txt":"Submit","_animation":"fadeInLeft","ha_advanced_tooltip_content":"I am a tooltip"},"elements":[],"isInner":false,"widgetType":"eael-info-box","elType":"widget"}],"isInner":true,"elType":"column"},{"id":"43accf2","settings":{"_column_size":33,"_inline_size":3.332},"elements":[],"isInner":true,"elType":"column"},{"id":"6a4bd37b","settings":{"_column_size":33,"_inline_size":48},"elements":[{"id":"39de7754","settings":{"eael_infobox_img_type":"img-on-left","eael_infobox_img_or_icon":"img","icon_vertical_position":"middle","eael_infobox_image":{"id":"592","url":"http:\/\/pinto.local\/wp-content\/uploads\/2024\/04\/noun_User-Management_1845018.png"},"eael_infobox_title":"Real State","eael_infobox_text":"<p>Business is the activity of making one living making money by producing products.Simply put it is any activity or enterprise entered into for profit.<\/p>","infobox_button_text":"Click Me!","eael_infobox_image_icon_bg_color":"#00d362","eael_infobox_image_icon_padding":{"unit":"px","top":"18","right":"15","bottom":"18","left":"15","isLinked":false},"eael_infobox_img_shape":"circle","eael_infobox_hover_image_border_width":{"unit":"px","top":"2","right":"2","bottom":"2","left":"2","isLinked":true},"eael_infobox_hover_img_shape":"circle","eael_infobox_image_resizer":{"unit":"px","size":190,"sizes":[]},"_margin":{"unit":"px","top":"0","right":"0","bottom":"30","left":"0","isLinked":false},"eael_infobox_container_padding":{"unit":"px","top":"40","right":"20","bottom":"40","left":"20","isLinked":false},"eael_tooltip_section_content":"I am a tooltip","_background_background":"classic","_background_color":"#f2fdf7","_border_radius":{"unit":"px","top":"15","right":"15","bottom":"15","left":"15","isLinked":true},"_box_shadow_box_shadow_type":"yes","_box_shadow_box_shadow":{"horizontal":0,"vertical":0,"blur":20,"spread":0,"color":"rgba(0,0,0,0.1)"},"custom_css":"\/*selector .infobox-icon {*\/\n\/*    position: absolute;*\/\n\/*    left: -7%;*\/\n\/*    height: 80px !important;*\/\n\/*    width: 80px !important;*\/\n\/*}*\/","eael_infobox_title_color":"#142344","eael_infobox_title_typography_typography":"custom","eael_infobox_title_typography_font_family":"Zilla Slab","eael_infobox_title_typography_font_size":{"unit":"px","size":24,"sizes":[]},"eael_infobox_title_typography_font_weight":"500","eael_infobox_title_typography_text_transform":"capitalize","eael_infobox_title_typography_line_height":{"unit":"px","size":30,"sizes":[]},"eael_infobox_content_color":"#546f7a","eael_infobox_content_typography_hover_typography":"custom","eael_infobox_content_typography_hover_font_family":"Poppins","eael_infobox_content_typography_hover_font_size":{"unit":"px","size":16,"sizes":[]},"eael_infobox_content_typography_hover_font_weight":"500","eael_infobox_content_typography_hover_line_height":{"unit":"px","size":30,"sizes":[]},"_background_hover_background":"classic","_background_hover_color":"#ffffff","_background_hover_transition":{"unit":"px","size":0.4,"sizes":[]},"icon_vertical_position_mobile":"top","eael_infobox_image_icon_padding_mobile":{"unit":"px","top":"10","right":"10","bottom":"10","left":"10","isLinked":true},"eael_infobox_title_typography_font_size_mobile":{"unit":"px","size":22,"sizes":[]},"eael_infobox_title_typography_line_height_mobile":{"unit":"px","size":32,"sizes":[]},"eael_infobox_content_typography_hover_font_size_mobile":{"unit":"px","size":14,"sizes":[]},"eael_infobox_content_typography_hover_line_height_mobile":{"unit":"px","size":28,"sizes":[]},"_margin_mobile":{"unit":"px","top":"0","right":"0","bottom":"0","left":"0","isLinked":true},"eael_infobox_container_padding_mobile":{"unit":"px","top":"20","right":"20","bottom":"20","left":"20","isLinked":true},"eael_ext_content_protection_password_placeholder":"Enter Password","eael_ext_content_protection_password_submit_btn_txt":"Submit","_animation":"fadeInRight","eael_infobox_image_icon_hover_shadow_box_shadow_type":"yes","eael_infobox_image_icon_hover_shadow_box_shadow":{"horizontal":0,"vertical":0,"blur":10,"spread":0,"color":""},"eael_infobox_hover_image_border_border":"none","ha_element_link":{"url":"http:\/\/pinto.local\/services\/real-estate\/","is_external":"","nofollow":"","custom_attributes":""},"ha_advanced_tooltip_content":"I am a tooltip"},"elements":[],"isInner":false,"widgetType":"eael-info-box","elType":"widget"},{"id":"246dde4e","settings":{"eael_infobox_img_type":"img-on-left","eael_infobox_img_or_icon":"img","icon_vertical_position":"middle","eael_infobox_image":{"id":"593","url":"http:\/\/pinto.local\/wp-content\/uploads\/2024\/04\/noun_marketing_2481623.png"},"eael_infobox_title":"Marketing","eael_infobox_text":"<p>Business is the activity of making one living making money by producing products.Simply put it is any activity or enterprise entered into for profit.<\/p>","infobox_button_text":"Click Me!","eael_infobox_image_icon_bg_color":"#f55498","eael_infobox_image_icon_padding":{"unit":"px","top":"15","right":"14","bottom":"15","left":"14","isLinked":false},"eael_infobox_img_shape":"circle","eael_infobox_hover_image_border_width":{"unit":"px","top":"2","right":"2","bottom":"2","left":"2","isLinked":true},"eael_infobox_hover_image_border_color":"#f3c203","eael_infobox_hover_img_shape":"circle","eael_infobox_image_resizer":{"unit":"px","size":190,"sizes":[]},"_margin":{"unit":"px","top":"0","right":"0","bottom":"30","left":"0","isLinked":false},"eael_infobox_container_padding":{"unit":"px","top":"40","right":"20","bottom":"40","left":"20","isLinked":false},"eael_tooltip_section_content":"I am a tooltip","_background_background":"classic","_background_color":"#fef6fa","_border_radius":{"unit":"px","top":"15","right":"15","bottom":"15","left":"15","isLinked":true},"_box_shadow_box_shadow_type":"yes","_box_shadow_box_shadow":{"horizontal":0,"vertical":0,"blur":20,"spread":0,"color":"rgba(0,0,0,0.1)"},"custom_css":"\/*selector .infobox-icon {*\/\n\/*    position: absolute;*\/\n\/*    left: -7%;*\/\n\/*    height: 80px !important;*\/\n\/*    width: 80px !important;*\/\n\/*}*\/","eael_infobox_title_color":"#142344","eael_infobox_title_typography_typography":"custom","eael_infobox_title_typography_font_family":"Zilla Slab","eael_infobox_title_typography_font_size":{"unit":"px","size":24,"sizes":[]},"eael_infobox_title_typography_font_weight":"500","eael_infobox_title_typography_text_transform":"capitalize","eael_infobox_title_typography_line_height":{"unit":"px","size":30,"sizes":[]},"eael_infobox_content_color":"#546f7a","eael_infobox_content_typography_hover_typography":"custom","eael_infobox_content_typography_hover_font_family":"Poppins","eael_infobox_content_typography_hover_font_size":{"unit":"px","size":16,"sizes":[]},"eael_infobox_content_typography_hover_font_weight":"500","eael_infobox_content_typography_hover_line_height":{"unit":"px","size":30,"sizes":[]},"_background_hover_background":"classic","_background_hover_color":"#ffffff","_background_hover_transition":{"unit":"px","size":0.4,"sizes":[]},"icon_vertical_position_mobile":"top","eael_infobox_image_icon_padding_mobile":{"unit":"px","top":"10","right":"10","bottom":"10","left":"10","isLinked":true},"eael_infobox_title_typography_font_size_mobile":{"unit":"px","size":22,"sizes":[]},"eael_infobox_title_typography_line_height_mobile":{"unit":"px","size":32,"sizes":[]},"eael_infobox_content_typography_hover_font_size_mobile":{"unit":"px","size":14,"sizes":[]},"eael_infobox_content_typography_hover_line_height_mobile":{"unit":"px","size":28,"sizes":[]},"_margin_mobile":{"unit":"px","top":"0","right":"0","bottom":"0","left":"0","isLinked":true},"eael_infobox_container_padding_mobile":{"unit":"px","top":"20","right":"20","bottom":"20","left":"20","isLinked":true},"eael_ext_content_protection_password_placeholder":"Enter Password","eael_ext_content_protection_password_submit_btn_txt":"Submit","_animation":"fadeInRight","ha_advanced_tooltip_content":"I am a tooltip","_title":"Info Box"},"elements":[],"isInner":false,"widgetType":"eael-info-box","elType":"widget"}],"isInner":true,"elType":"column"}],"isInner":true,"elType":"section"}],"isInner":false,"elType":"column"}],"isInner":false,"elType":"section"},{"id":"3dcae399","settings":{"container_type":"grid","grid_columns_grid":{"unit":"fr","size":"1"},"grid_rows_grid":{"unit":"fr","size":"2"},"grid_rows_grid_mobile":{"unit":"fr","size":"2"},"min_height":{"unit":"px","size":0,"sizes":[]},"grid_gaps":{"column":"0","row":"0","isLinked":false,"unit":"px"},"grid_align_items":"center","overflow":"hidden","margin":{"unit":"px","top":"-70","right":"0","bottom":"0","left":"0","isLinked":false},"padding":{"unit":"px","top":"0","right":"-0","bottom":"80","left":"-0","isLinked":false},"_ha_eqh_enable":""},"elements":[{"id":"25cb74bd","settings":{"title":"How we work","header_size":"h1","align":"center","_flex_size":"none","_element_id":"work","ha_advanced_tooltip_content":"I am a tooltip"},"elements":[],"isInner":false,"widgetType":"heading","elType":"widget"},{"id":"a97aaf5","settings":{"container_type":"grid","presetTitle":"Grid","presetIcon":"eicon-container-grid","min_height":{"unit":"px","size":0,"sizes":[]},"grid_rows_grid":{"unit":"fr","size":1,"sizes":[]},"background_overlay_hover_transition":{"unit":"px","size":0.3,"sizes":[]},"margin":{"unit":"px","top":"-70","right":"0","bottom":"0","left":"0","isLinked":false},"padding":{"unit":"px","top":"0","right":"0","bottom":"0","left":"0","isLinked":false},"padding_tablet":{"unit":"px","top":"0","right":"10","bottom":"0","left":"10","isLinked":false},"padding_mobile":{"unit":"px","top":"0","right":"0","bottom":"20","left":"0","isLinked":false}},"elements":[{"id":"3f4a3271","settings":{"container_type":"grid","presetTitle":"Grid","presetIcon":"eicon-container-grid","content_width":"full","grid_columns_grid":{"unit":"fr","size":1,"sizes":[]},"grid_rows_grid":{"unit":"fr","size":3,"sizes":[]},"grid_gaps":{"column":"0","row":"0","isLinked":true,"unit":"px"},"grid_justify_items":"center","border_border":"solid","border_width":{"unit":"px","top":"0","right":"01","bottom":"0","left":"0","isLinked":false},"border_color":"#7A7A7A40","border_radius":{"unit":"px","top":"0","right":"0","bottom":"0","left":"0","isLinked":false},"_element_id":"work2","__globals__":{"border_color":""}},"elements":[{"id":"3993dcfa","settings":{"image":{"url":"http:\/\/pinto.local\/wp-content\/uploads\/2024\/04\/video-call.png","id":534,"size":"","alt":"","source":"library"},"image_size":"thumbnail","ha_advanced_tooltip_content":"I am a tooltip"},"elements":[],"isInner":false,"widgetType":"image","elType":"widget"},{"id":"a413257","settings":{"title":"Step 1","header_size":"h3","align":"center","ha_advanced_tooltip_content":"I am a tooltip"},"elements":[],"isInner":false,"widgetType":"heading","elType":"widget"},{"id":"746b23dc","settings":{"editor":"<p>Book a consultation<\/p>","align":"center","ha_advanced_tooltip_content":"I am a tooltip"},"elements":[],"isInner":false,"widgetType":"text-editor","elType":"widget"}],"isInner":true,"elType":"container"},{"id":"61c2f11d","settings":{"container_type":"grid","presetTitle":"Grid","presetIcon":"eicon-container-grid","content_width":"full","grid_columns_grid":{"unit":"fr","size":1,"sizes":[]},"grid_rows_grid":{"unit":"fr","size":3,"sizes":[]},"grid_gaps":{"column":"0","row":"0","isLinked":true,"unit":"px"},"grid_justify_items":"center","border_border":"solid","border_width":{"unit":"px","top":"0","right":"01","bottom":"0","left":"0","isLinked":false},"border_color":"#7A7A7A40","border_radius":{"unit":"px","top":"0","right":"0","bottom":"0","left":"0","isLinked":false},"__globals__":{"border_color":""}},"elements":[{"id":"cd2ff23","settings":{"image":{"url":"http:\/\/pinto.local\/wp-content\/uploads\/2024\/04\/video-call.png","id":534,"size":"","alt":"","source":"library"},"image_size":"thumbnail","ha_advanced_tooltip_content":"I am a tooltip"},"elements":[],"isInner":false,"widgetType":"image","elType":"widget"},{"id":"1c991e7a","settings":{"title":"Step 1","header_size":"h3","align":"center","ha_advanced_tooltip_content":"I am a tooltip"},"elements":[],"isInner":false,"widgetType":"heading","elType":"widget"},{"id":"6599c9ba","settings":{"editor":"<p>Book a consultation<\/p>","align":"center","ha_advanced_tooltip_content":"I am a tooltip"},"elements":[],"isInner":false,"widgetType":"text-editor","elType":"widget"}],"isInner":true,"elType":"container"},{"id":"694a99b9","settings":{"container_type":"grid","presetTitle":"Grid","presetIcon":"eicon-container-grid","content_width":"full","grid_columns_grid":{"unit":"fr","size":1,"sizes":[]},"grid_rows_grid":{"unit":"fr","size":3,"sizes":[]},"grid_gaps":{"column":"0","row":"0","isLinked":true,"unit":"px"},"grid_justify_items":"center","border_border":"none","border_width":{"unit":"px","top":"0","right":"01","bottom":"0","left":"0","isLinked":false},"border_color":"#7A7A7A40","border_radius":{"unit":"px","top":"0","right":"0","bottom":"0","left":"0","isLinked":false},"__globals__":{"border_color":""}},"elements":[{"id":"1e8b72d","settings":{"image":{"url":"http:\/\/pinto.local\/wp-content\/uploads\/2024\/04\/video-call.png","id":534,"size":"","alt":"","source":"library"},"image_size":"thumbnail","ha_advanced_tooltip_content":"I am a tooltip"},"elements":[],"isInner":false,"widgetType":"image","elType":"widget"},{"id":"33f8a27a","settings":{"title":"Step 1","header_size":"h3","align":"center","ha_advanced_tooltip_content":"I am a tooltip"},"elements":[],"isInner":false,"widgetType":"heading","elType":"widget"},{"id":"6d9f41a0","settings":{"editor":"<p>Book a consultation<\/p>","align":"center","ha_advanced_tooltip_content":"I am a tooltip"},"elements":[],"isInner":false,"widgetType":"text-editor","elType":"widget"}],"isInner":true,"elType":"container"}],"isInner":true,"elType":"container"}],"isInner":false,"elType":"container"},{"id":"40b7c0f3","settings":{"flex_direction":"column","background_background":"classic","background_image":{"id":375,"url":"http:\/\/pinto.local\/wp-content\/uploads\/2024\/04\/man-lawyer-office-5806012.jpg","alt":"man, lawyer, office-5806012.jpg","source":"library","size":""},"background_attachment":"fixed","background_overlay_background":"classic","padding":{"unit":"px","top":"100","right":"0","bottom":"100","left":"0","isLinked":false},"background_overlay_opacity":{"unit":"px","size":0.7,"sizes":[]},"__globals__":{"background_overlay_color":"globals\/colors?id=astglobalcolor7"},"background_position":"center center","background_size":"cover","padding_tablet":{"unit":"px","top":"50","right":"50","bottom":"50","left":"50","isLinked":true},"padding_mobile":{"unit":"px","top":"50","right":"25","bottom":"40","left":"25","isLinked":false}},"elements":[{"id":"5f182ccc","settings":{"title":"Start your journey to Portugal today! Contact us for expert legal assistance.","align_tablet":"center","typography_typography":"custom","typography_font_size":{"unit":"px","size":42,"sizes":[]},"typography_font_size_tablet":{"unit":"px","size":29,"sizes":[]},"typography_font_size_mobile":{"unit":"px","size":25,"sizes":[]},"typography_line_height":{"unit":"em","size":1.5,"sizes":[]},"_margin_tablet":{"unit":"px","top":"0","right":"0","bottom":"0","left":"0","isLinked":false},"_padding":{"unit":"%","top":"0","right":"40","bottom":"0","left":"0","isLinked":false},"_padding_tablet":{"unit":"%","top":"0","right":"0","bottom":"0","left":"0","isLinked":false},"_padding_mobile":{"unit":"%","top":"","right":"","bottom":"","left":"","isLinked":true},"__globals__":{"title_color":"globals\/colors?id=astglobalcolor5"},"ha_advanced_tooltip_content":"I am a tooltip"},"elements":[],"isInner":false,"widgetType":"heading","elType":"widget"},{"id":"4034a208","settings":{"text":"BOOK CONSULTATION","_margin":{"unit":"px","top":"22","right":"0","bottom":"30","left":"0","isLinked":false},"align":"left","align_tablet":"center","_margin_tablet":{"unit":"px","top":"10","right":"0","bottom":"50","left":"0","isLinked":false},"ha_advanced_tooltip_content":"I am a tooltip"},"elements":[],"isInner":false,"widgetType":"button","elType":"widget"}],"isInner":false,"elType":"container"},{"id":"3fb95c91","settings":{"flex_gap":{"size":0,"column":"0","row":"0","unit":"px","isLinked":true},"padding":{"unit":"px","top":"100","right":"0","bottom":"100","left":"0","isLinked":false},"padding_tablet":{"unit":"px","top":"50","right":"50","bottom":"50","left":"50","isLinked":true},"padding_mobile":{"unit":"px","top":"50","right":"20","bottom":"50","left":"20","isLinked":false},"background_overlay_background":"classic","background_overlay_color":"#939CA1","background_overlay_opacity":{"unit":"px","size":0.07,"sizes":[]},"background_background":"classic","__globals__":{"background_color":""},"flex_direction":"row","flex_align_items":"stretch","background_color":"#FFFFFF"},"elements":[{"id":"43db4928","settings":{"_column_size":100,"width":{"size":null,"unit":"%"},"align":"space-between","content_width":"full","flex_gap":{"column":"0","row":"0","isLinked":true,"unit":"px","size":0},"padding":{"unit":"px","top":"0","right":"0","bottom":"0","left":"0","isLinked":false}},"elements":[{"id":"f9e5e1b","settings":{"title":"Trusted by Leaders ","align":"center","_element_width_mobile":"inherit","_padding":{"unit":"px","top":"0","right":"0","bottom":"20","left":"0","isLinked":false},"ha_advanced_tooltip_content":"I am a tooltip"},"elements":[],"isInner":false,"widgetType":"heading","elType":"widget"},{"id":"39a19306","settings":{"flex_direction":"row","flex_gap":{"column":"60","row":"60","isLinked":true,"unit":"px","size":60},"flex_gap_tablet":{"column":"0","row":"0","isLinked":true,"unit":"px","size":0},"flex_wrap_tablet":"wrap","padding":{"unit":"px","top":"0","right":"0","bottom":"0","left":"0","isLinked":false}},"elements":[{"id":"2b2e6d2f","settings":{"testimonial_content":"Diam, urna, ornare leo facilisis suspen disse eu rutrum id cursus tincidunt nisl eget ornare pharetra ac pharetra.\n\n","testimonial_image":{"id":"51","url":"http:\/\/pinto.local\/wp-content\/uploads\/2021\/05\/customer-3.jpg"},"testimonial_name":"Priscila Markus","testimonial_job":"","testimonial_alignment":"left","content_typography_typography":"custom","content_typography_font_size":{"unit":"px","size":17,"sizes":[]},"content_typography_font_size_mobile":{"unit":"px","size":15,"sizes":[]},"image_size":{"unit":"px","size":50,"sizes":[]},"_margin":{"unit":"px","top":"30","right":"0","bottom":"0","left":"0","isLinked":false},"_margin_mobile":{"unit":"px","top":"40","right":"0","bottom":"0","left":"0","isLinked":false},"_padding_tablet":{"unit":"px","top":"0","right":"30","bottom":"0","left":"0","isLinked":false},"_padding_mobile":{"unit":"px","top":"0","right":"0","bottom":"0","left":"0","isLinked":false},"_element_width":"initial","_element_width_tablet":"initial","_element_width_mobile":"inherit","_element_custom_width":{"unit":"%","size":33.33,"sizes":[]},"_element_custom_width_tablet":{"unit":"%","size":50,"sizes":[]},"ha_advanced_tooltip_content":"I am a tooltip"},"elements":[],"isInner":false,"widgetType":"testimonial","elType":"widget"},{"id":"7a9c08e7","settings":{"testimonial_content":"Diam, urna, ornare leo facilisis suspen disse eu rutrum id cursus tincidunt nisl eget ornare pharetra ac pharetra.\n\n","testimonial_image":{"id":"49","url":"http:\/\/pinto.local\/wp-content\/uploads\/2021\/05\/customer-1.jpg"},"testimonial_name":"Kyle Hoffman","testimonial_job":"","testimonial_alignment":"left","content_typography_typography":"custom","content_typography_font_size":{"unit":"px","size":17,"sizes":[]},"content_typography_font_size_mobile":{"unit":"px","size":15,"sizes":[]},"image_size":{"unit":"px","size":50,"sizes":[]},"_margin":{"unit":"px","top":"30","right":"0","bottom":"0","left":"0","isLinked":false},"_margin_mobile":{"unit":"px","top":"40","right":"0","bottom":"0","left":"0","isLinked":false},"_padding_tablet":{"unit":"px","top":"0","right":"30","bottom":"0","left":"0","isLinked":false},"_padding_mobile":{"unit":"px","top":"0","right":"0","bottom":"0","left":"0","isLinked":false},"_element_width":"initial","_element_width_tablet":"initial","_element_width_mobile":"inherit","_element_custom_width":{"unit":"%","size":33.33,"sizes":[]},"_element_custom_width_tablet":{"unit":"%","size":50,"sizes":[]},"ha_advanced_tooltip_content":"I am a tooltip"},"elements":[],"isInner":false,"widgetType":"testimonial","elType":"widget"},{"id":"690220aa","settings":{"testimonial_content":"Diam, urna, ornare leo facilisis suspen disse eu rutrum id cursus tincidunt nisl eget ornare pharetra ac pharetra.\n\n","testimonial_image":{"id":"245","url":"http:\/\/pinto.local\/wp-content\/uploads\/2021\/06\/customer-4.jpg"},"testimonial_name":"Jason Myles","testimonial_job":"","testimonial_alignment":"left","content_typography_typography":"custom","content_typography_font_size":{"unit":"px","size":17,"sizes":[]},"content_typography_font_size_mobile":{"unit":"px","size":15,"sizes":[]},"image_size":{"unit":"px","size":50,"sizes":[]},"_margin":{"unit":"px","top":"30","right":"0","bottom":"0","left":"0","isLinked":false},"_margin_mobile":{"unit":"px","top":"40","right":"0","bottom":"0","left":"0","isLinked":false},"_padding_tablet":{"unit":"px","top":"0","right":"30","bottom":"0","left":"0","isLinked":false},"_padding_mobile":{"unit":"px","top":"0","right":"0","bottom":"0","left":"0","isLinked":false},"_element_width":"initial","_element_width_tablet":"initial","_element_width_mobile":"inherit","_element_custom_width":{"unit":"%","size":33.33,"sizes":[]},"_element_custom_width_tablet":{"unit":"%","size":50,"sizes":[]},"ha_advanced_tooltip_content":"I am a tooltip"},"elements":[],"isInner":false,"widgetType":"testimonial","elType":"widget"}],"isInner":true,"elType":"container"},{"id":"f336aa8","settings":{"flex_gap":{"size":0,"column":"0","row":"0","unit":"px","isLinked":true},"structure":"40","margin":{"unit":"px","top":"50","right":0,"bottom":"0","left":0,"isLinked":false},"flex_direction":"row","flex_align_items":"stretch","padding":{"unit":"px","top":"0","right":"0","bottom":"0","left":"0","isLinked":false}},"elements":[{"id":"57eb0f88","settings":{"_column_size":25,"width":{"size":25,"unit":"%"},"content_width":"full","padding":{"unit":"px","top":"0","right":"0","bottom":"0","left":"0","isLinked":false},"width_mobile":{"unit":"%","size":50,"sizes":[]}},"elements":[{"id":"77ea9b88","settings":{"image":{"id":"55","url":"http:\/\/pinto.local\/wp-content\/uploads\/2021\/05\/logo-4.svg"},"image_size":"full","align":"left","width":{"unit":"px","size":200,"sizes":[]},"ha_advanced_tooltip_content":"I am a tooltip"},"elements":[],"isInner":false,"widgetType":"image","elType":"widget"}],"isInner":true,"elType":"container"},{"id":"10cf5313","settings":{"_column_size":25,"width":{"size":25,"unit":"%"},"content_width":"full","padding":{"unit":"px","top":"0","right":"0","bottom":"0","left":"0","isLinked":false},"width_mobile":{"unit":"%","size":50,"sizes":[]}},"elements":[{"id":"87ca483","settings":{"image":{"id":"56","url":"http:\/\/pinto.local\/wp-content\/uploads\/2021\/05\/logo-5.svg"},"image_size":"full","align":"left","width":{"unit":"px","size":200,"sizes":[]},"ha_advanced_tooltip_content":"I am a tooltip"},"elements":[],"isInner":false,"widgetType":"image","elType":"widget"}],"isInner":true,"elType":"container"},{"id":"2892103","settings":{"_column_size":25,"width":{"size":25,"unit":"%"},"content_width":"full","padding":{"unit":"px","top":"0","right":"0","bottom":"0","left":"0","isLinked":false},"width_mobile":{"unit":"%","size":50,"sizes":[]}},"elements":[{"id":"565a66ad","settings":{"image":{"id":"52","url":"http:\/\/pinto.local\/wp-content\/uploads\/2021\/05\/logo-1.svg"},"image_size":"full","align":"left","width":{"unit":"px","size":200,"sizes":[]},"ha_advanced_tooltip_content":"I am a tooltip"},"elements":[],"isInner":false,"widgetType":"image","elType":"widget"}],"isInner":true,"elType":"container"},{"id":"39e23429","settings":{"_column_size":25,"width":{"size":25,"unit":"%"},"content_width":"full","padding":{"unit":"px","top":"0","right":"0","bottom":"0","left":"0","isLinked":false},"width_mobile":{"unit":"%","size":50,"sizes":[]}},"elements":[{"id":"7d52a47d","settings":{"image":{"id":"54","url":"http:\/\/pinto.local\/wp-content\/uploads\/2021\/05\/logo-3.svg"},"image_size":"full","align":"left","width":{"unit":"px","size":200,"sizes":[]},"ha_advanced_tooltip_content":"I am a tooltip"},"elements":[],"isInner":false,"widgetType":"image","elType":"widget"}],"isInner":true,"elType":"container"}],"isInner":true,"elType":"container"}],"isInner":true,"elType":"container"}],"isInner":false,"elType":"container"},{"id":"78584032","settings":{"gap":"no","structure":"20","background_background":"classic","background_image":{"id":463,"url":"http:\/\/pinto.local\/wp-content\/uploads\/2024\/04\/bg-map-1.jpg"},"background_position":"center center","background_attachment":"scroll","background_repeat":"no-repeat","background_size":"cover","background_overlay_color":"#F5F5F5","padding":{"unit":"px","top":"100","right":"0","bottom":"100","left":"0","isLinked":false},"padding_tablet":{"unit":"px","top":"50","right":"50","bottom":"50","left":"50","isLinked":true},"padding_mobile":{"unit":"px","top":"50","right":"30","bottom":"50","left":"30","isLinked":false}},"elements":[{"id":"56dd86f0","settings":{"_column_size":50,"_inline_size":60,"_inline_size_tablet":80,"background_background":"classic","background_color":"#FFFFFF","border_radius":{"unit":"px","top":"0","right":"0","bottom":"0","left":"0","isLinked":true},"box_shadow_box_shadow_type":"yes","box_shadow_box_shadow":{"horizontal":0,"vertical":10,"blur":20,"spread":0,"color":"rgba(0, 0, 0, 0.1)"},"padding":{"unit":"px","top":"50","right":"50","bottom":"50","left":"50","isLinked":true},"padding_tablet":{"unit":"px","top":"25","right":"25","bottom":"25","left":"25","isLinked":true},"padding_mobile":{"unit":"px","top":"20","right":"20","bottom":"20","left":"20","isLinked":true}},"elements":[{"id":"550258e1","settings":{"gap":"no"},"elements":[{"id":"1f3acb5b","settings":{"_column_size":100,"_inline_size":null},"elements":[{"id":"308d78ff","settings":{"title":"Do not know where to start? Contact us ","header_size":"h3","ha_advanced_tooltip_content":"I am a tooltip"},"elements":[],"isInner":false,"widgetType":"heading","elType":"widget"},{"id":"1e0e6ab1","settings":{"shortcode":"[wpforms id=\"461\"]","_margin":{"unit":"px","top":"-10","right":"0","bottom":"-25","left":"0","isLinked":false},"ha_advanced_tooltip_content":"I am a tooltip"},"elements":[],"isInner":false,"widgetType":"shortcode","elType":"widget"}],"isInner":true,"elType":"column"}],"isInner":true,"elType":"section"}],"isInner":false,"elType":"column"},{"id":"66e779c6","settings":{"_column_size":50,"_inline_size":39.875,"_inline_size_tablet":20},"elements":[],"isInner":false,"elType":"column"}],"isInner":false,"elType":"section"}],"settings":{"template":"elementor_header_footer","astra_sites_main_color":"var(--ast-global-color-0)","astra_sites_heading_base_color":"var(--ast-global-color-2)","astra_sites_link_color":"var(--ast-global-color-2)","astra_sites_link_hover_color":"var(--ast-global-color-1)","astra_sites_text_color":"var(--ast-global-color-3)","astra_sites_body_typography":"custom","astra_sites_body_font_size":{"unit":"px","size":17},"astra_sites_body_font_size_mobile":{"unit":"px","size":15},"astra_sites_body_line_height":{"unit":"em","size":1.6},"astra_sites_body_font_family":"Work Sans","astra_sites_body_font_weight":"400","astra_sites_heading_1_typography":"custom","astra_sites_heading_1_font_size":{"unit":"px","size":64},"astra_sites_heading_1_font_size_tablet":{"unit":"px","size":34},"astra_sites_heading_1_font_size_mobile":{"unit":"px","size":30},"astra_sites_default_heading_font_family":"'DM Serif Display', serif","astra_sites_heading_1_font_family":"'DM Serif Display'","astra_sites_heading_1_font_weight":"400","astra_sites_heading_2_typography":"custom","astra_sites_heading_2_font_size":{"unit":"px","size":48},"astra_sites_heading_2_font_size_tablet":{"unit":"px","size":30},"astra_sites_heading_2_font_size_mobile":{"unit":"px","size":26},"astra_sites_heading_2_font_family":"'DM Serif Display'","astra_sites_heading_2_font_weight":"400","astra_sites_heading_3_typography":"custom","astra_sites_heading_3_font_size":{"unit":"px","size":36},"astra_sites_heading_3_font_size_tablet":{"unit":"px","size":26},"astra_sites_heading_3_font_size_mobile":{"unit":"px","size":22},"astra_sites_heading_3_font_family":"'DM Serif Display'","astra_sites_heading_3_font_weight":"400","astra_sites_heading_4_typography":"custom","astra_sites_heading_4_font_size":{"unit":"px","size":28},"astra_sites_heading_4_font_size_tablet":{"unit":"px","size":20},"astra_sites_heading_4_font_size_mobile":{"unit":"px","size":18},"astra_sites_heading_4_font_family":"'DM Serif Display'","astra_sites_heading_4_font_weight":"400","astra_sites_heading_5_typography":"custom","astra_sites_heading_5_font_size":{"unit":"px","size":22},"astra_sites_heading_5_font_size_tablet":{"unit":"px","size":18},"astra_sites_heading_5_font_size_mobile":{"unit":"px","size":16},"astra_sites_heading_5_font_family":"'DM Serif Display'","astra_sites_heading_5_font_weight":"400","astra_sites_heading_6_typography":"custom","astra_sites_heading_6_font_size":{"unit":"px","size":18},"astra_sites_heading_6_font_size_tablet":{"unit":"px","size":16},"astra_sites_heading_6_font_size_mobile":{"unit":"px","size":14},"astra_sites_heading_6_font_family":"'DM Serif Display'","astra_sites_heading_6_font_weight":"400","astra_sites_page_setting_enable":"","eael_ext_toc_title":"Table of Contents","ha_grid_number":"","ha_grid_zindex":"1000"},"metadata":{"site-post-title":"disabled","ast-title-bar-display":"disabled","ast-featured-img":"disabled","site-content-layout":"page-builder","site-sidebar-layout":"no-sidebar","astra-main-page-id":"55453","ast_self_id_55453":"1"}}