{"content":[{"id":"62863ee8","settings":{"layout":"full_width","gap":"no","border_width":{"unit":"px","top":"0","right":"0","bottom":"1","left":"0","isLinked":false},"background_background":"classic","background_color":"#FFFFFF"},"elements":[{"id":"23099880","settings":{"_column_size":100,"_inline_size":null,"space_between_widgets":0},"elements":[{"id":"44968ad6","settings":{"image":{"id":467,"url":"http:\/\/pinto.local\/wp-content\/uploads\/2024\/04\/banner-1.jpg"},"width":{"unit":"%","size":100,"sizes":[]},"_padding":{"unit":"px","top":"0","right":"0","bottom":"0","left":"0","isLinked":true},"_padding_tablet":{"unit":"px","top":"0","right":"0","bottom":"0","left":"0","isLinked":true},"_padding_mobile":{"unit":"px","top":"50","right":"0","bottom":"50","left":"0","isLinked":false},"image_size":"custom","image_custom_dimension":{"width":"1920","height":"600"},"width_mobile":{"unit":"%","size":100,"sizes":[]},"ha_advanced_tooltip_content":"I am a tooltip"},"elements":[],"isInner":false,"widgetType":"image","elType":"widget"},{"id":"7815c03","settings":{"gap":"no","padding":{"unit":"px","top":"100","right":"0","bottom":"100","left":"0","isLinked":false},"padding_tablet":{"unit":"px","top":"50","right":"50","bottom":"50","left":"50","isLinked":true},"padding_mobile":{"unit":"px","top":"50","right":"25","bottom":"50","left":"25","isLinked":false}},"elements":[{"id":"36aa734","settings":{"_column_size":100,"_inline_size":null,"padding":{"unit":"%","top":"0","right":"45","bottom":"0","left":"0","isLinked":false},"padding_tablet":{"unit":"px","top":"0","right":"0","bottom":"0","left":"0","isLinked":false}},"elements":[{"id":"6ae648af","settings":{"title":"Real Estate","header_size":"h1","ha_advanced_tooltip_content":"I am a tooltip"},"elements":[],"isInner":false,"widgetType":"heading","elType":"widget"},{"id":"73826b22","settings":{"editor":"<p>\"Lorem ipsum dolor sit amet, consectetur adipiscing elit, sed do eiusmod<br \/>tempor incididunt ut labore et dolore magna aliqua. Ut enim ad minim<br \/>veniam, quis nostrud exercitation ullamco laboris nisi ut aliquip ex ea<br \/>commodo consequat. Duis aute irure dolor in reprehenderit in voluptate<br \/>velit esse cillum dolore eu fugiat nulla pariatur. Excepteur sint<br \/>occaecat cupidatat non proident, sunt in culpa qui officia deserunt<br \/>mollit anim id est laborum.<\/p>","ha_advanced_tooltip_content":"I am a tooltip"},"elements":[],"isInner":false,"widgetType":"text-editor","elType":"widget"},{"id":"76cf8791","settings":{"text":"Call To Action","_margin":{"unit":"px","top":"0","right":"0","bottom":"0","left":"0","isLinked":false},"ha_advanced_tooltip_content":"I am a tooltip"},"elements":[],"isInner":false,"widgetType":"button","elType":"widget"}],"isInner":true,"elType":"column"}],"isInner":true,"elType":"section"}],"isInner":false,"elType":"column"}],"isInner":false,"elType":"section"},{"id":"5d2f7e9e","settings":{"gap":"no","content_position":"middle","structure":"20","background_background":"classic","background_color":"#212121","padding":{"unit":"px","top":"100","right":"0","bottom":"100","left":"0","isLinked":false},"padding_tablet":{"unit":"px","top":"50","right":"0","bottom":"50","left":"0","isLinked":false},"padding_mobile":{"unit":"px","top":"0","right":"0","bottom":"0","left":"0","isLinked":false}},"elements":[{"id":"7c1d9a28","settings":{"_column_size":50,"_inline_size":40,"content_position_tablet":"top"},"elements":[{"id":"648087f8","settings":{"image":{"id":472,"url":"http:\/\/pinto.local\/wp-content\/uploads\/2024\/04\/tower-img.jpg"},"ha_advanced_tooltip_content":"I am a tooltip"},"elements":[],"isInner":false,"widgetType":"image","elType":"widget"}],"isInner":false,"elType":"column"},{"id":"4791ee8d","settings":{"_column_size":50,"_inline_size":60,"padding":{"unit":"px","top":"0","right":"60","bottom":"0","left":"60","isLinked":false},"padding_tablet":{"unit":"px","top":"0","right":"50","bottom":"0","left":"50","isLinked":false},"padding_mobile":{"unit":"px","top":"50","right":"30","bottom":"50","left":"30","isLinked":false}},"elements":[{"id":"5d188ef9","settings":{"title":"Supporting Subheading","header_size":"h5","title_color":"#BDBDBD","ha_advanced_tooltip_content":"I am a tooltip"},"elements":[],"isInner":false,"widgetType":"heading","elType":"widget"},{"id":"5a680060","settings":{"title":"Rental Market","title_color":"#FFFFFF","ha_advanced_tooltip_content":"I am a tooltip"},"elements":[],"isInner":false,"widgetType":"heading","elType":"widget"},{"id":"5a453948","settings":{"gap":"no","structure":"20","margin":{"unit":"px","top":"40","right":0,"bottom":"0","left":0,"isLinked":false}},"elements":[{"id":"4892d67f","settings":{"_column_size":50,"_inline_size":null,"_inline_size_tablet":100,"space_between_widgets_tablet":10,"margin":{"unit":"px","top":"0","right":"40","bottom":"0","left":"0","isLinked":false},"margin_tablet":{"unit":"px","top":"0","right":"0","bottom":"0","left":"0","isLinked":false}},"elements":[{"id":"501c6e11","settings":{"title":"STEP ONE ","size":"medium","header_size":"h3","title_color":"#FFFFFF","ha_advanced_tooltip_content":"I am a tooltip"},"elements":[],"isInner":false,"widgetType":"heading","elType":"widget"},{"id":"6729c89","settings":{"editor":"Adipiscing elit ut elit tellus, luctus nec ullamcorper mattis, pulvinar dapibus leo.","text_color":"#BDBDBD","ha_advanced_tooltip_content":"I am a tooltip"},"elements":[],"isInner":false,"widgetType":"text-editor","elType":"widget"}],"isInner":true,"elType":"column"},{"id":"72db1b7a","settings":{"_column_size":50,"_inline_size":null,"_inline_size_tablet":100,"space_between_widgets_tablet":10,"margin":{"unit":"px","top":"0","right":"0","bottom":"0","left":"40","isLinked":false},"margin_tablet":{"unit":"px","top":"50","right":"0","bottom":"0","left":"0","isLinked":false}},"elements":[{"id":"40e738f4","settings":{"title":"Feature Two","size":"medium","header_size":"h3","title_color":"#FFFFFF","ha_advanced_tooltip_content":"I am a tooltip"},"elements":[],"isInner":false,"widgetType":"heading","elType":"widget"},{"id":"38d8c29","settings":{"editor":"Adipiscing elit ut elit tellus, luctus nec ullamcorper mattis, pulvinar dapibus leo.","text_color":"#BDBDBD","ha_advanced_tooltip_content":"I am a tooltip"},"elements":[],"isInner":false,"widgetType":"text-editor","elType":"widget"}],"isInner":true,"elType":"column"}],"isInner":true,"elType":"section"},{"id":"29f39f10","settings":{"gap":"no","structure":"20","margin":{"unit":"px","top":"40","right":0,"bottom":"0","left":0,"isLinked":false}},"elements":[{"id":"deafcbb","settings":{"_column_size":50,"_inline_size":null,"_inline_size_tablet":100,"space_between_widgets_tablet":10,"margin":{"unit":"px","top":"0","right":"40","bottom":"0","left":"0","isLinked":false},"margin_tablet":{"unit":"px","top":"0","right":"0","bottom":"0","left":"0","isLinked":false}},"elements":[{"id":"6ef68d47","settings":{"title":"Feature Five","size":"medium","header_size":"h3","title_color":"#FFFFFF","ha_advanced_tooltip_content":"I am a tooltip"},"elements":[],"isInner":false,"widgetType":"heading","elType":"widget"},{"id":"6234e054","settings":{"editor":"Adipiscing elit ut elit tellus, luctus nec ullamcorper mattis, pulvinar dapibus leo.","text_color":"#BDBDBD","ha_advanced_tooltip_content":"I am a tooltip"},"elements":[],"isInner":false,"widgetType":"text-editor","elType":"widget"}],"isInner":true,"elType":"column"},{"id":"24fddfce","settings":{"_column_size":50,"_inline_size":null,"_inline_size_tablet":100,"space_between_widgets_tablet":10,"margin":{"unit":"px","top":"0","right":"0","bottom":"0","left":"40","isLinked":false},"margin_tablet":{"unit":"px","top":"50","right":"0","bottom":"0","left":"0","isLinked":false}},"elements":[{"id":"51621fbc","settings":{"title":"Feature Six","size":"medium","header_size":"h3","title_color":"#FFFFFF","ha_advanced_tooltip_content":"I am a tooltip"},"elements":[],"isInner":false,"widgetType":"heading","elType":"widget"},{"id":"6b68fb2","settings":{"editor":"Adipiscing elit ut elit tellus, luctus nec ullamcorper mattis, pulvinar dapibus leo.","text_color":"#BDBDBD","ha_advanced_tooltip_content":"I am a tooltip"},"elements":[],"isInner":false,"widgetType":"text-editor","elType":"widget"}],"isInner":true,"elType":"column"}],"isInner":true,"elType":"section"}],"isInner":false,"elType":"column"}],"isInner":false,"elType":"section"},{"id":"5e6e0e36","settings":{"flex_direction":"column","background_background":"classic","background_image":{"id":"30","url":"http:\/\/pinto.local\/wp-content\/uploads\/2021\/05\/cta-bg.jpg"},"background_attachment":"fixed","background_overlay_background":"classic","padding":{"unit":"px","top":"100","right":"0","bottom":"100","left":"0","isLinked":false},"background_overlay_opacity":{"unit":"px","size":0.7,"sizes":[]},"__globals__":{"background_overlay_color":"globals\/colors?id=astglobalcolor7"},"background_position":"center center","background_size":"cover","padding_tablet":{"unit":"px","top":"50","right":"50","bottom":"50","left":"50","isLinked":true},"padding_mobile":{"unit":"px","top":"50","right":"25","bottom":"40","left":"25","isLinked":false}},"elements":[{"id":"3f481192","settings":{"title":"Overcome your obstacles. Get Business Coaching, Today!","align_tablet":"center","typography_typography":"custom","typography_font_size":{"unit":"px","size":42,"sizes":[]},"typography_font_size_tablet":{"unit":"px","size":29,"sizes":[]},"typography_font_size_mobile":{"unit":"px","size":25,"sizes":[]},"typography_line_height":{"unit":"em","size":1.5,"sizes":[]},"_margin_tablet":{"unit":"px","top":"0","right":"0","bottom":"0","left":"0","isLinked":false},"_padding":{"unit":"%","top":"0","right":"40","bottom":"0","left":"0","isLinked":false},"_padding_tablet":{"unit":"%","top":"0","right":"0","bottom":"0","left":"0","isLinked":false},"_padding_mobile":{"unit":"%","top":"","right":"","bottom":"","left":"","isLinked":true},"__globals__":{"title_color":"globals\/colors?id=astglobalcolor5"},"ha_advanced_tooltip_content":"I am a tooltip"},"elements":[],"isInner":false,"widgetType":"heading","elType":"widget"},{"id":"38a62256","settings":{"text":"BOOK CONSULTATION","_margin":{"unit":"px","top":"22","right":"0","bottom":"30","left":"0","isLinked":false},"align":"left","align_tablet":"center","_margin_tablet":{"unit":"px","top":"10","right":"0","bottom":"50","left":"0","isLinked":false},"ha_advanced_tooltip_content":"I am a tooltip"},"elements":[],"isInner":false,"widgetType":"button","elType":"widget"}],"isInner":true,"elType":"container"}],"settings":{"template":"default","astra_sites_main_color":"var(--ast-global-color-0)","astra_sites_heading_base_color":"var(--ast-global-color-2)","astra_sites_link_color":"var(--ast-global-color-2)","astra_sites_link_hover_color":"var(--ast-global-color-1)","astra_sites_text_color":"var(--ast-global-color-3)","astra_sites_body_typography":"custom","astra_sites_body_font_size":{"unit":"px","size":17},"astra_sites_body_font_size_mobile":{"unit":"px","size":15},"astra_sites_body_line_height":{"unit":"em","size":1.6},"astra_sites_body_font_family":"Work Sans","astra_sites_body_font_weight":"400","astra_sites_heading_1_typography":"custom","astra_sites_heading_1_font_size":{"unit":"px","size":64},"astra_sites_heading_1_font_size_tablet":{"unit":"px","size":34},"astra_sites_heading_1_font_size_mobile":{"unit":"px","size":30},"astra_sites_default_heading_font_family":"'DM Serif Display', serif","astra_sites_heading_1_font_family":"'DM Serif Display'","astra_sites_heading_1_font_weight":"400","astra_sites_heading_2_typography":"custom","astra_sites_heading_2_font_size":{"unit":"px","size":48},"astra_sites_heading_2_font_size_tablet":{"unit":"px","size":30},"astra_sites_heading_2_font_size_mobile":{"unit":"px","size":26},"astra_sites_heading_2_font_family":"'DM Serif Display'","astra_sites_heading_2_font_weight":"400","astra_sites_heading_3_typography":"custom","astra_sites_heading_3_font_size":{"unit":"px","size":36},"astra_sites_heading_3_font_size_tablet":{"unit":"px","size":26},"astra_sites_heading_3_font_size_mobile":{"unit":"px","size":22},"astra_sites_heading_3_font_family":"'DM Serif Display'","astra_sites_heading_3_font_weight":"400","astra_sites_heading_4_typography":"custom","astra_sites_heading_4_font_size":{"unit":"px","size":28},"astra_sites_heading_4_font_size_tablet":{"unit":"px","size":20},"astra_sites_heading_4_font_size_mobile":{"unit":"px","size":18},"astra_sites_heading_4_font_family":"'DM Serif Display'","astra_sites_heading_4_font_weight":"400","astra_sites_heading_5_typography":"custom","astra_sites_heading_5_font_size":{"unit":"px","size":22},"astra_sites_heading_5_font_size_tablet":{"unit":"px","size":18},"astra_sites_heading_5_font_size_mobile":{"unit":"px","size":16},"astra_sites_heading_5_font_family":"'DM Serif Display'","astra_sites_heading_5_font_weight":"400","astra_sites_heading_6_typography":"custom","astra_sites_heading_6_font_size":{"unit":"px","size":18},"astra_sites_heading_6_font_size_tablet":{"unit":"px","size":16},"astra_sites_heading_6_font_size_mobile":{"unit":"px","size":14},"astra_sites_heading_6_font_family":"'DM Serif Display'","astra_sites_heading_6_font_weight":"400","astra_sites_page_setting_enable":"","ha_grid_number":"","ha_grid_zindex":"1000","eael_ext_toc_title":"Table of Contents"},"metadata":{"site-post-title":"disabled","ast-title-bar-display":"disabled","ast-featured-img":"disabled","site-content-layout":"page-builder","site-sidebar-layout":"no-sidebar","astra-main-page-id":"55454","ast_self_id_55454":"1"}}